Date,COAL INDIA,GAIL,IOC,ICICI,ITC,NTPC,WIPRO,ADANIPORTS,CIPLA,JSWSTEEL
2014-01-01,156.653809,78.136436,34.54673,173.195953,178.157104,80.893715,193.721878,141.449799,380.21991,91.985374
2014-01-08,164.362762,79.777763,35.644958,170.960922,182.516815,81.765869,194.918961,142.5159,399.967743,90.400879
2014-01-15,149.627579,79.523476,38.931011,177.8228,185.104492,81.454391,201.239044,143.097366,406.04776,88.691048
2014-01-22,156.769653,79.777763,38.688881,168.024841,183.75441,80.052689,199.848267,137.621567,398.119415,83.30648
2014-01-29,156.864044,81.985466,41.992222,159.77742,182.769974,81.111755,196.673111,142.370499,403.858978,75.49147
2014-02-05,169.888855,80.448181,44.690228,159.810394,182.882462,84.977966,199.327713,143.678879,401.281036,76.950623
2014-02-12,160.513489,83.771988,41.21394,171.183609,178.269608,86.071136,197.168625,154.727371,361.785248,77.980095
2014-02-19,154.881989,83.514435,42.796436,170.078461,181.110458,74.496399,211.043503,154.097412,364.557739,76.771591
2014-02-26,155.51123,89.09845,43.76495,176.346481,186.567123,73.210312,208.194199,170.040176,368.351654,79.743629
2014-03-05,160.922485,86.745445,46.679157,197.633118,187.889099,75.493111,198.159668,178.908066,366.697937,83.852547
2014-03-12,170.3293,86.523026,46.402435,198.680542,200.208771,75.814636,191.293015,182.930084,375.355804,84.877548
2014-03-19,172.720322,86.054764,45.269619,206.606339,204.090317,74.014122,194.142349,174.352966,380.608978,87.769012
2014-03-26,182.787827,87.787331,47.379601,201.888779,197.98671,78.418953,198.584412,180.555664,371.124146,91.569099
2014-04-02,178.697891,85.387482,47.43148,199.447556,194.330185,76.77919,197.115524,171.542419,385.813507,94.755981
2014-04-09,184.235031,86.171822,46.065189,201.146515,191.798767,80.637451,208.318085,181.23407,389.753326,90.633629
2014-04-16,188.136154,88.723839,47.68227,212.767151,197.311661,79.608574,187.78891,198.485245,385.716187,99.272217
2014-04-23,186.688965,86.20694,46.047894,208.297012,191.433121,75.65387,185.753708,185.643799,390.288391,95.064819
2014-04-30,186.531662,86.581558,46.869411,210.408386,195.736526,73.499702,182.231873,186.564468,380.268494,99.545242
2014-05-07,208.931839,92.118744,54.01223,231.059937,202.993332,78.96553,187.311066,217.577805,379.976685,103.242393
2014-05-14,230.608353,98.791481,60.273022,239.158951,191.742508,91.47271,175.082031,228.529388,378.76062,109.929466
2014-05-21,247.314117,88.79409,62.495419,238.697083,193.402008,99.124878,179.878098,207.837662,367.71933,110.148773
2014-05-28,247.534363,89.344284,62.132233,240.552719,187.551559,105.587471,174.92276,232.89064,378.420197,114.163712
2014-06-04,264.523224,100.348442,62.063042,244.330078,193.217224,105.169502,185.824478,238.463333,396.514313,117.350616
2014-06-11,251.970383,104.176476,60.601612,246.786987,192.472672,99.607185,189.753311,228.820145,401.718781,113.456505
2014-06-18,246.338837,107.583076,59.148827,245.050415,183.566437,99.575027,188.054367,230.66156,415.775787,111.974976
2014-06-25,241.902832,107.887444,59.269917,244.837616,186.258362,99.414253,190.496643,236.670364,425.35791,113.644501
2014-07-02,237.466827,106.646545,57.462574,240.266205,192.329498,98.385414,194.584763,250.481018,429.978699,106.142815
2014-07-09,229.318512,107.746986,57.38475,237.439941,196.081009,93.6269,189.664841,254.842209,420.104736,106.545883
2014-07-16,243.853409,103.181427,57.306915,252.533188,202.12352,96.359833,197.770325,276.018524,429.249054,109.634186
2014-07-23,229.255585,99.353386,55.707142,247.042404,204.586349,95.845398,198.987366,257.798187,428.957245,107.751396
2014-07-30,227.210632,99.259735,58.154381,253.095047,203.899033,90.475975,196.308212,257.60434,428.519501,107.724312
2014-08-06,229.412888,96.801353,58.984547,249.136566,198.772934,89.704338,194.236374,263.984497,432.75116,105.73317
2014-08-13,232.338699,101.179611,61.967922,262.689026,199.66069,92.533722,195.540222,279.355621,463.748993,116.131325
2014-08-20,224.37915,101.694702,62.535664,256.755554,201.865799,91.820763,196.790466,289.911102,500.737549,112.866943
2014-08-27,228.657776,108.859108,68.25782,270.895355,203.154449,91.299805,200.398361,281.009491,544.371155,119.183472
2014-09-03,239.511826,108.874687,70.555557,263.174194,205.159103,91.56028,210.043213,287.187103,561.814941,120.700531
2014-09-10,216.734116,106.465523,66.554489,259.769104,202.266708,86.057541,199.844696,272.10788,605.595276,115.183167
2014-09-17,210.882416,105.231277,63.422832,261.93988,212.375763,89.150803,208.149963,265.687012,571.000977,108.889206
2014-09-24,214.783524,106.679161,64.301117,244.071442,212.032089,90.583481,213.186707,270.016205,612.533752,104.39222
2014-10-01,214.909409,105.255013,63.431705,243.407425,207.765106,91.59285,220.938293,252.845261,588.493652,103.976837
2014-10-08,216.576828,106.204437,65.17939,251.647842,198.744293,91.625397,207.203323,253.08847,565.333069,103.227348
2014-10-15,223.403854,114.191429,65.596375,269.363098,201.235764,96.086212,204.792099,254.791016,594.454773,106.193726
2014-10-22,224.410583,117.811089,63.325222,272.623413,200.548447,96.216461,197.790695,254.304596,631.443237,109.268463
2014-10-29,226.015091,118.52317,64.726944,280.191345,203.58403,96.183899,201.791504,283.587524,648.007507,113.155914
2014-11-05,217.457733,116.280144,66.794022,286.976135,208.53833,94.946571,199.07666,283.587524,622.501526,112.57798
2014-11-12,221.862244,116.375092,62.748585,286.235504,212.06073,95.597801,202.273743,294.872711,594.014954,112.289024
2014-11-19,218.999313,113.277596,60.308907,295.778381,203.555389,91.267227,207.739151,290.592133,610.041748,107.787529
2014-11-26,223.844284,110.073326,62.429214,301.439423,209.511993,91.462601,211.097,278.382751,624.895752,106.261444
2014-12-03,227.116226,110.263214,61.719486,298.289673,225.864029,87.880936,198.933762,261.892853,625.433289,100.057785
2014-12-10,230.765717,98.146248,57.984558,281.519409,217.988708,83.550385,191.735855,267.049011,609.211121,92.996262
2014-12-17,241.399445,106.18071,59.448357,300.502991,214.580826,93.09063,197.326309,280.328461,615.758606,94.355286
2014-12-24,240.707336,105.397438,58.995911,298.161987,210.943878,92.439438,197.379898,307.422516,611.018982,94.355286
2014-12-31,239.071381,102.513573,59.341915,295.948639,206.333237,90.648598,194.772217,313.113739,600.367065,92.802116
2015-01-07,227.273544,101.623489,60.353264,290.202454,206.24733,90.485802,201.291397,314.232513,621.915283,89.709305
2015-01-14,240.550034,102.383034,59.749996,313.059418,212.547546,93.025505,210.900497,321.528961,646.737,90.761322
2015-01-21,240.770248,99.487297,58.747517,326.467133,206.27597,93.220871,213.811844,335.781219,690.957153,91.790749
2015-01-28,224.410583,103.035751,58.685402,295.05484,209.655197,93.774406,223.929733,318.902191,661.982056,88.991425
2015-02-04,231.646591,97.315491,55.172268,281.817352,211.860291,89.313606,231.513535,309.22229,625.579895,84.756332
2015-02-11,237.246628,96.366081,56.414295,287.776306,223.143433,94.265373,238.322769,322.258575,656.265137,89.506134
2015-02-18,241.745544,95.891373,58.339417,277.560944,226.637207,95.967377,235.260391,324.982574,661.884216,92.084221
2015-02-25,238.882614,97.066292,63.236526,296.799988,195.622787,103.888298,242.267792,327.414673,715.241638,90.449783
2015-03-04,246.159256,91.037453,61.400105,284.03067,193.904556,98.160362,235.728745,308.93042,712.84729,85.293617
2015-03-11,240.249298,90.088051,61.577538,285.052216,194.735046,103.331871,231.801727,310.87616,694.377502,84.656982
2015-03-18,245.727631,92.568405,61.613029,265.515228,187.031555,99.960571,234.990219,298.76413,694.08429,81.500954
2015-03-25,240.979767,92.046227,65.410057,268.579865,186.630646,96.131035,226.559723,299.834229,696.234314,81.862175
2015-04-01,238.788422,94.977562,66.039955,270.197296,195.078674,102.317215,221.587936,315.108124,711.625854,84.666008
2015-04-08,260.535706,93.814522,66.882751,269.771698,201.321655,102.971832,224.88446,321.820831,696.185425,85.090431
2015-04-15,248.616196,89.257309,63.032475,264.621429,195.851883,99.07682,208.293747,305.914612,637.74646,85.826385
2015-04-22,247.288086,84.949318,62.358219,278.241974,193.331787,99.044113,191.75705,297.791229,617.273315,85.352287
2015-04-29,241.97583,88.61644,64.620483,279.604034,186.859756,98.520393,196.314529,333.397797,647.225708,87.880722
2015-05-06,245.163208,87.168594,58.969303,262.365509,185.714249,92.727013,192.333481,325.809509,648.98468,79.487259
2015-05-13,241.477768,93.019379,61.169449,268.452179,190.468063,89.093864,199.088669,330.625122,667.161377,83.311508
2015-05-20,249.014633,92.164894,61.68399,263.642426,179.843552,86.737236,201.124222,335.878571,644.049561,82.823883
2015-05-27,254.658951,92.331039,61.941284,259.215729,182.506836,90.304909,197.71962,301.711029,626.703613,79.31118
2015-06-03,266.478851,92.746422,62.047737,244.403427,172.168671,90.992264,195.828156,299.173584,578.476868,79.18927
2015-06-10,263.855927,94.657127,63.307491,261.551971,174.649216,90.108521,194.657257,305.663574,576.91333,75.848145
2015-06-17,275.841797,95.843895,70.617668,271.466797,183.762863,91.155914,200.817993,308.445007,616.002869,81.99762
2015-06-24,279.72644,93.090576,68.382042,266.704193,184.113403,90.108521,196.963043,300.491119,601.393188,78.764854
2015-07-01,284.806335,91.251091,75.780914,270.687378,185.398651,88.013741,199.521011,325.035919,631.785278,79.148636
2015-07-08,288.292511,88.557106,77.865738,271.423462,182.44841,87.12999,203.700211,308.298615,650.792664,76.006622
2015-07-15,284.64032,86.634544,77.830246,269.691589,183.091003,88.766571,207.735306,314.886169,647.421143,76.463921
2015-07-22,279.460815,83.537048,79.134369,246.787979,181.805756,89.715759,203.048599,305.907593,656.607178,74.058563
2015-07-29,294.434937,81.875549,75.426056,271.943024,192.730484,88.471977,204.215866,330.989227,693.497986,80.460655
2015-08-05,260.768127,81.745018,74.281616,261.725159,187.005219,85.624367,206.513901,323.81604,702.830627,81.974304
2015-08-12,241.809799,78.267769,70.9814,260.729309,183.938141,83.300468,208.337753,354.704468,670.110046,90.278732
2015-08-19,234.804184,66.578041,70.058762,245.489059,186.888382,77.998047,197.449387,336.503235,632.478943,81.23349
2015-08-26,235.534653,69.402565,72.028244,234.62175,184.288666,78.718132,205.784363,334.014557,649.873535,82.500175
2015-09-02,224.013565,70.830666,69.615181,225.832642,182.79895,74.921326,205.583755,309.908936,636.986816,86.213402
2015-09-09,224.478378,69.571198,71.821198,232.500259,185.223404,84.305016,208.319504,324.011261,645.120605,86.721008
2015-09-16,214.883026,69.583206,70.477142,234.275406,182.360779,80.350609,217.365799,311.421631,631.253906,83.387337
2015-09-23,209.437912,69.787109,71.198784,232.933212,187.180511,80.649689,214.593536,290.243774,623.75708,76.838905
2015-09-30,227.566177,74.045357,72.750313,244.839615,200.295975,83.573936,218.624252,308.201019,650.706543,82.344711
2015-10-07,226.005676,75.652679,72.154968,248.909485,200.997025,84.703766,213.517471,315.764526,665.4552,83.917786
2015-10-14,222.419876,78.087669,72.605988,247.827103,203.684402,85.036079,208.574829,302.394226,660.11438,81.722786
2015-10-21,220.660172,76.444359,71.974548,245.662277,207.978317,88.159714,209.77858,303.809296,670.992065,83.337029
2015-10-28,216.377136,73.685493,72.398514,241.982101,195.62233,90.18676,209.468521,284.192963,661.878296,81.727364
2015-11-04,216.509903,67.436089,71.983566,227.564484,196.7323,87.295731,202.829727,259.208984,629.049011,79.81131
2015-11-11,220.693359,73.433601,72.136917,231.937408,203.947296,87.794174,202.756775,264.235016,623.022095,81.814255
2015-11-18,220.726563,85.356674,75.483521,228.040756,196.235733,87.162804,205.674927,263.747101,624.541138,81.091713
2015-11-25,226.802505,86.07637,78.180649,237.176239,202.282272,88.159714,212.277283,256.915558,635.565796,86.313995
2015-12-02,211.164398,81.470261,76.241241,226.395508,183.87973,86.431732,206.714539,245.009079,629.735046,87.868797
2015-12-09,208.873444,81.74617,75.456451,213.363358,188.670212,87.594803,203.869324,246.033844,626.109009,92.67038
2015-12-16,211.894821,81.182396,78.054367,224.750244,187.092865,91.050751,202.61087,251.401505,631.302917,94.915695
2015-12-23,213.654556,87.815636,77.648445,229.253036,189.780228,96.234642,205.747879,257.208344,640.759705,94.714478
2015-12-30,216.343887,89.303032,79.858452,222.282349,189.780228,94.539917,203.139801,249.547195,628.019958,99.058762
2016-01-06,209.836304,87.767662,79.380379,205.007217,184.113403,96.500488,200.221649,231.541153,599.208618,92.629219
2016-01-13,205.08847,82.273933,74.870125,198.079819,183.470795,89.821236,197.704758,227.247025,586.076904,91.325928
2016-01-20,202.4655,85.572571,71.352142,204.401077,180.754196,91.682121,199.546829,213.144699,568.976135,101.267494
2016-01-27,211.795242,86.772072,71.911407,182.19014,189.429718,89.090164,208.813095,208.118652,562.508362,91.760353
2016-02-03,205.35408,83.629387,70.07122,181.324234,182.506821,83.640396,197.401535,205.337219,544.72168,91.458542
2016-02-10,211.098007,77.379959,68.113777,170.240402,172.633698,85.996033,193.849243,195.529068,513.55835,94.54071
2016-02-17,199.942139,76.62178,65.434685,166.257172,171.640564,83.337051,198.763565,199.286407,512.137329,102.799408
2016-02-24,211.064804,77.612785,70.665344,177.47084,190.072311,82.697548,197.107056,201.921448,506.012482,104.578278
2016-03-02,215.181854,84.501503,72.880516,187.77536,187.092865,85.861397,199.315735,222.757736,521.6922,108.492706
2016-03-09,196.323151,82.338211,71.800407,191.671997,184.902084,85.693115,196.278793,222.757736,514.53833,109.292969
2016-03-16,213.868774,87.269073,72.084152,202.279541,188.787064,86.332626,203.512253,233.785797,524.58313,112.507736
2016-03-23,214.413605,84.066422,72.17569,193.447144,186.946808,85.693115,203.622665,233.178589,493.4198,112.754677
2016-03-30,199.957123,82.072311,73.621956,195.352173,190.714966,85.39019,205.776123,221.806396,492.92981,115.187469
2016-04-06,199.339615,88.550125,75.965256,198.079819,188.348923,91.213005,209.65976,229.012054,491.900818,118.685768
2016-04-13,200.356674,86.882339,78.55571,205.353577,195.943634,93.90564,216.672348,226.757217,513.6073,122.028587
2016-04-20,209.437363,87.740402,79.480217,219.987671,191.269943,94.376862,204.101212,224.600433,529.678955,125.110733
2016-04-27,202.790314,88.054619,76.834854,191.455505,184.639175,91.91983,200.199219,230.874725,526.102051,124.090965
2016-05-04,206.967407,94.629112,75.736427,195.265579,188.991562,94.679779,198.285034,190.729004,526.298157,117.780327
2016-05-11,206.204651,92.792122,74.628838,195.655212,193.081009,92.22274,198.837204,179.650925,513.264343,117.981529
2016-05-18,203.080887,89.649902,72.651665,194.442963,203.333878,93.232483,197.916901,177.29808,484.158936,120.739006
2016-05-25,211.689362,89.541138,76.175781,211.847992,205.086502,96.362686,200.788208,188.376144,463.187408,127.049644
2016-06-01,223.603271,90.507973,76.679222,220.030945,213.107971,99.930428,198.726761,202.444321,458.973541,125.952148
2016-06-08,224.366074,90.181656,75.800484,212.107773,207.55629,99.795792,199.923126,204.503067,473.036224,128.604431
2016-06-15,227.380875,92.465797,75.553352,205.959717,210.611191,102.185501,206.51236,199.258118,473.722198,128.105988
2016-06-22,227.59877,91.100159,79.626678,206.044861,216.485977,99.62751,199.665451,198.914993,487.392883,130.465622
2016-06-29,233.88266,93.432648,87.37973,216.605591,214.620728,102.724022,207.966431,210.336197,496.849731,135.472977
2016-07-06,230.322983,91.426468,87.260735,231.275742,218.894638,106.561043,210.119904,213.718445,505.375549,141.691269
2016-07-13,231.703278,93.239281,90.354607,237.859634,219.467438,105.1474,202.547668,216.26738,495.673737,149.680008
2016-07-20,237.878128,93.203026,97.540161,231.231537,221.84671,106.426407,201.386032,219.992737,513.068298,152.543579
2016-07-27,234.681717,90.943039,101.659248,216.782349,229.821732,107.267853,202.676727,220.237823,507.531494,153.973114
2016-08-03,244.924774,91.668175,103.535721,216.826538,218.233719,107.604416,203.322083,235.041245,522.280273,157.20903
2016-08-10,245.396973,89.794922,99.691246,219.654495,224.798813,108.614174,197.845825,268.177399,543.055786,160.693161
2016-08-17,244.561523,88.695152,99.581406,221.112686,221.538284,107.032257,191.613602,267.148041,544.525757,161.653839
2016-08-24,243.108627,93.468903,105.000275,226.459335,226.737473,108.883438,180.495132,257.785614,564.566284,163.740631
2016-08-31,238.895187,97.4571,104.936218,240.996918,231.407928,110.095108,178.079681,265.2854,567.016235,171.223709
2016-09-07,240.05751,93.420563,102.74617,237.020065,222.287338,102.892311,177.157745,254.893555,558.686401,160.421967
2016-09-14,239.185776,93.780624,106.007217,240.466675,226.429077,104.395531,177.397461,264.795166,592.823181,161.966385
2016-09-21,241.728378,90.857979,108.822304,229.773376,216.647537,103.578865,178.559082,259.501251,597.100891,161.828506
2016-09-28,233.265167,98.018478,113.839325,228.182632,212.549866,103.612907,177.674026,263.422668,587.857239,163.965866
2016-10-05,231.666977,102.073654,117.843597,221.024292,211.580536,99.801849,175.903931,258.815002,570.992493,166.829453
2016-10-12,227.05394,104.484856,119.553108,238.92012,216.735657,100.720596,178.024368,261.756104,582.891235,163.873917
2016-10-19,232.211792,105.958359,121.485565,255.622864,210.390884,103.442757,177.52652,306.656525,574.778503,157.144699
2016-10-26,239.766937,105.300751,120.835213,243.338837,211.448334,105.48439,169.911423,299.156769,562.24054,152.869934
2016-11-02,230.322983,106.944748,118.345345,250.276245,225.23941,104.905937,166.592453,284.157288,526.396729,152.318375
2016-11-09,227.853043,106.165375,106.211617,238.389877,209.289368,102.183762,165.191116,261.412964,543.212341,155.715164
2016-11-16,220.40686,100.965485,110.188049,232.15947,199.243469,104.87191,166.094604,255.677856,541.343933,150.691193
2016-11-23,224.039154,104.241295,111.005623,225.752319,203.605499,110.928741,171.533981,271.461639,559.683777,156.046127
2016-11-30,222.077713,105.069389,109.872162,230.65712,202.856461,110.996826,168.823547,266.559845,565.28894,151.132462
2016-12-07,222.259323,103.486275,111.860367,233.661819,207.659103,112.153732,171.017731,280.382904,569.222412,150.020111
2016-12-14,211.108231,104.691872,112.343498,222.34993,202.636139,110.146118,172.087143,267.049988,553.734314,146.315338
2016-12-21,209.909576,103.279251,117.917938,224.073227,206.249161,109.159332,171.552429,261.707031,554.275269,145.267365
2016-12-28,221.787109,107.517105,128.304993,224.824402,214.444489,112.596085,172.216217,268.56955,564.108948,151.183044
2017-01-04,218.372787,107.334435,128.843826,229.950134,219.379318,110.452377,175.719543,288.127747,565.338135,164.048615
2017-01-11,223.02211,108.527855,130.479019,237.196808,222.022964,119.571671,177.895279,289.059082,577.482727,171.632813
2017-01-18,224.801956,115.578766,136.313599,227.2547,228.984604,117.29184,177.5634,287.392487,570.255005,178.297714
2017-01-25,224.620316,114.020004,136.164932,237.682907,227.442459,117.29184,168.897278,287.588593,565.780579,182.158737
2017-02-01,228.870071,115.980621,145.585709,254.606583,244.185593,117.7342,169.100098,297.686249,587.611389,173.747192
2017-02-08,232.611343,122.822037,139.13797,251.557678,238.633926,116.271027,176.567719,300.970459,566.468994,167.17421
2017-02-15,232.175446,129.899582,150.554245,251.690216,231.892624,117.393936,176.23436,298.176422,583.235352,171.862625
2017-02-22,233.846313,128.139481,148.149551,244.222565,231.055481,112.615112,181.0495,295.823547,573.99176,171.862625
2017-03-01,234.500107,130.122711,145.70636,243.913284,232.861938,108.779488,183.40152,302.195923,578.26947,166.806488
2017-03-08,214.268326,124.214363,143.897995,253.855347,235.373428,110.299904,185.697998,303.1763,590.217285,167.220184
2017-03-15,225.685318,122.396446,143.167007,240.422485,253.702744,112.062225,184.697906,319.352203,582.006226,176.872818
2017-03-22,224.218063,123.883827,141.9935,244.797012,247.181747,113.962746,187.994431,314.548431,584.267944,166.944397
2017-03-29,227.80896,127.17263,148.421555,253.369324,248.106979,113.78997,187.827759,335.381104,582.792969,173.655258
2017-04-05,223.098328,127.17263,159.461182,250.67392,248.547607,115.414055,188.957443,327.24411,570.402405,182.710327
2017-04-12,215.646271,130.41188,167.774979,250.452942,245.903976,111.751228,182.975586,313.077911,566.223145,172.184372
2017-04-19,214.912659,136.014404,169.975098,240.82016,247.886688,114.34285,183.086685,324.842224,543.753174,178.803314
2017-04-26,212.016769,141.964005,172.525696,243.559784,246.036179,112.027664,183.308929,324.106964,546.11322,179.998413
2017-05-03,214.796799,139.4189,171.630066,265.653381,239.250778,111.440216,188.494461,340.675018,543.753174,176.918762
2017-05-10,213.097916,135.981354,173.908096,267.465027,249.781357,110.541794,190.88353,347.537567,556.19281,185.376312
2017-05-17,206.842819,125.718292,165.204895,270.469727,264.497681,108.468483,194.976395,325.136322,524.331665,177.929993
2017-05-24,206.72699,134.014679,163.374695,284.035187,274.455505,111.440216,198.587753,333.665436,502.009247,179.26297
2017-05-31,202.5569,131.84967,165.341202,281.870087,274.102966,109.26326,207.625412,354.351044,525.757568,176.597031
2017-06-07,200.047134,126.16452,163.452576,278.246735,273.055206,110.576347,191.865067,352.341278,542.376465,181.791031
2017-06-14,195.799881,124.016052,160.317886,284.295959,276.141357,109.850685,188.346298,368.272186,538.738037,185.698044
2017-06-21,188.695313,118.892776,152.02356,282.072357,279.406403,109.125031,190.050125,360.478302,525.757568,180.399017
2017-06-28,190.548676,120.7603,148.694153,283.639954,301.680145,109.228691,192.605865,364.39978,535.984619,193.693069
2017-07-05,196.533493,120.06617,150.894287,283.786957,295.552643,112.856987,194.976395,365.380096,529.494324,198.57373
2017-07-12,191.900085,125.288605,144.916931,297.748535,254.538437,115.794174,199.27298,374.399414,550.440125,200.944351
2017-07-19,199.467972,123.404572,145.948853,297.993439,260.665955,113.271637,214.496246,383.075592,555.012817,199.968231
2017-07-26,194.178177,123.569839,144.216019,296.474792,257.490417,114.17009,218.385391,396.065369,553.095154,207.451889
2017-08-02,189.235886,127.833702,160.921463,289.518524,245.235352,118.282143,212.903549,407.993469,571,214.61026
2017-08-09,183.907455,123.123604,163.33577,285.893433,242.64122,118.696785,213.71843,389.6987,562.562256,216.004715
2017-08-16,185.760834,124.85891,164.796036,287.999908,253.062469,115.897835,215.014832,369.485901,551.904114,215.632843
2017-08-23,183.984695,125.272064,169.594147,293.437561,250.691986,116.381599,215.385223,377.010345,561.427429,229.531143
2017-08-30,196.03154,125.172905,168.559784,291.576019,253.017776,117.141823,220.200363,383.895508,552.249512,238.223404
2017-09-06,198.888794,136.352661,169.750244,285.305603,248.36618,117.729256,220.830017,382.665985,553.137695,250.727264
2017-09-13,199.661026,140.097717,163.270935,288.68573,239.599823,118.306862,214.274033,400.223114,565.868286,243.24353
2017-09-20,201.089676,132.757462,155.99147,277.026611,234.769363,116.87178,215.014832,384.141388,571.394714,225.301254
2017-09-27,210.047592,144.941299,158.684662,272.764679,233.830078,117.886833,209.60704,377.403839,571.296082,232.366592
2017-10-04,220.588562,148.003906,160.363068,264.338715,238.12384,122.85714,212.607239,390.338013,582.398254,241.663147
2017-10-11,223.986389,145.590439,161.553528,268.355774,239.06308,123.137146,214.718506,400.17395,623.79718,241.942017
2017-10-18,223.716095,147.88739,159.13356,261.15451,238.839462,127.162384,219.866989,399.534607,587.233948,241.198318
2017-10-25,221.20636,154.861481,162.17804,294.025452,237.67659,126.882355,217.829803,423.2883,619.356384,240.268661
2017-11-01,219.81633,154.295578,156.206161,306.125458,237.318741,124.887245,223.904312,424.468597,599.569702,245.474655
2017-11-08,211.70787,151.815536,151.034393,307.742065,229.491623,123.942192,221.126343,404.009949,594.536682,247.798828
2017-11-15,211.437607,153.113815,154.625336,313.424622,228.820709,128.072403,217.792786,394.223206,608.007446,249.937012
2017-11-22,211.86232,153.962662,152.459091,306.86026,229.894165,127.967422,218.422455,390.436401,603.763855,237.665604
2017-11-29,204.834991,153.846161,152.420044,299.071198,227.076401,123.977173,209.977417,382.46933,588.61554,230.274872
2017-12-06,203.406372,163.74971,154.215515,301.373596,233.964279,123.137146,213.19986,395.895325,583.878662,232.366592
2017-12-13,206.649765,165.297653,159.992249,307.350159,236.379517,126.042336,216.607498,399.141144,595.967651,238.362854
2017-12-20,203.676636,169.658569,160.01178,311.710114,236.290039,124.922241,224.385818,397.911652,603.7146,248.589035
2017-12-27,208.541702,164.565308,150.819717,303.431122,233.248657,125.237267,236.090332,390.878998,599.816406,245.939484
2018-01-03,234.797668,166.762375,153.161636,306.27243,242.015045,123.697182,234.979156,414.190125,607.513916,264.02124
2018-01-10,225.18338,159.255676,149.941498,327.337189,234.09848,121.282036,245.905823,416.599884,593.500549,261.418243
2018-01-17,226.341705,156.725677,151.990677,354.96637,247.426956,120.897026,233.534607,431.206207,614.175293,273.364258
2018-01-24,236.226273,161.053879,162.470779,346.099579,246.174606,119.216919,227.645309,421.222778,597.990784,268.762451
2018-01-31,224.218063,153.104355,156.635498,324.006012,244.653915,115.716705,218.274292,398.157562,556.83844,263.277527
2018-02-07,232.172073,157.298996,147.950851,319.646118,241.388885,115.436691,214.750626,396.731384,613.484497,288.889465
2018-02-14,239.701355,157.349731,150.139313,310.828278,235.48497,116.876915,216.608643,388.420044,595.52356,284.101746
2018-02-21,238.620224,154.609711,154.582886,315.629089,238.30275,117.837868,216.831604,403.714874,578.796204,295.722443
2018-02-28,237.075745,148.82515,156.528229,289.077637,229.446884,116.271904,213.264191,398.600189,576.427673,272.852966
2018-03-07,227.6931,154.237595,167.033051,298.189423,241.031067,120.578293,220.436172,378.879211,571.14801,282.149475
2018-03-14,208.696152,148.334656,142.398895,286.089386,231.862122,118.442879,218.206558,363.928619,545.637573,265.415771
2018-03-21,225.904953,144.760162,143.218002,278.15332,231.593781,121.752731,203.676788,359.502472,537.890686,277.826569
2018-03-28,228.15419,148.729248,142.644623,264.58371,231.235962,120.542679,210.997406,360.387665,562.80896,281.73111
2018-04-04,229.749084,149.721558,146.862946,282.954163,238.571121,119.866478,212.558136,380.895538,550.818665,289.447266
2018-04-11,235.229034,146.880005,136.951935,285.844452,239.376205,125.952324,211.62912,377.108734,572.332275,287.402008
2018-04-18,237.600967,152.33757,133.552734,278.349304,246.890244,123.033997,213.264191,385.813477,593.993958,301.904602
2018-04-25,233.102478,146.631958,132.9384,278.447266,251.765457,122.535713,207.169876,400.616547,599.421692,302.137024
2018-05-02,219.320801,154.186813,136.419525,303.039215,252.883591,122.001854,202.710617,406.026306,582.891724,301.253815
2018-05-09,215.517563,153.104324,136.951935,302.010468,252.123215,121.07653,201.409988,402.436218,568.236755,311.015167
2018-05-16,228.235962,147.939957,131.464035,284.423798,249.35022,117.553162,196.913574,373.518646,517.117188,296.001312
2018-05-23,230.935043,154.682938,141.252167,284.031921,245.145889,118.122604,195.464325,371.649811,523.630371,308.41214
2018-05-30,233.306976,150.961899,142.480804,278.349304,243.855957,114.812744,189.704422,367.469574,534.97937,305.948578
2018-06-06,231.916519,154.840805,142.644623,281.582458,246.362885,114.812744,198.028397,382.518494,559.651062,317.336823
2018-06-13,223.24678,154.592743,138.098679,286.873169,242.534119,111.146973,193.97789,356.502502,593.94458,304.461121
2018-06-20,216.867096,154.141693,136.624313,282.268341,241.394608,110.755501,191.450974,356.945099,591.625427,300.138245
2018-06-27,213.350128,155.742889,127.204765,267.376007,241.987183,110.328415,194.646774,356.797577,631.98822,289.772644
2018-07-04,227.745224,164.154724,127.163803,267.865906,252.561844,109.545433,201.112686,364.371246,623.747864,295.118103
2018-07-11,216.539948,161.786758,134.699448,261.05658,245.998276,110.541954,210.997406,360.68277,629.076965,291.777527
2018-07-18,218.093964,164.98912,135.108978,268.796631,260.401703,112.072311,202.859253,386.157776,619.109619,302.076111
2018-07-25,213.554596,169.206314,134.617554,301.424072,271.386658,110.221649,205.423309,393.19046,632.92572,313.608582
2018-08-01,225.250595,169.003357,136.501434,310.241364,274.486115,113.06884,206.203705,368.036804,621.182068,323.195343
2018-08-08,231.18042,171.303619,131.627853,329.362152,280.685059,111.680824,211.852097,368.877075,634.307312,323.764832
2018-08-15,238.337067,170.53688,129.170578,335.702698,285.243134,114.492424,214.750626,373.622131,644.823669,324.52417
2018-08-22,241.036163,164.290024,129.026947,335.752228,284.103607,119.795303,219.692978,382.519073,642.889954,347.589233
2018-08-29,228.685837,162.125061,126.455513,326.903015,282.234802,119.652946,232.884949,369.470215,638.526672,370.986481
2018-09-05,231.548477,168.51358,125.003914,324.962494,270.930847,120.8274,240.76297,360.474426,649.434937,375.115417
2018-09-12,223.451233,169.713547,126.579948,317.299957,276.446075,122.535561,247.154602,375.203796,658.161438,386.458069
2018-09-19,225.12793,167.494766,127.865646,309.587616,274.531677,122.752174,243.995941,334.08017,656.227722,383.135956
2018-09-26,223.124039,172.520966,127.699753,312.473511,270.839661,122.463348,245.370865,326.5672,648.691162,361.49469
2018-10-03,224.064651,151.012451,101.736763,304.761169,244.767578,116.75898,239.053589,315.100037,634.014648,352.524963
2018-10-10,226.068512,159.525299,112.354202,319.091187,257.66687,118.383644,237.121246,329.532837,634.411316,354.613129
2018-10-17,226.845551,153.955734,107.833504,321.280487,260.720764,119.141815,229.726303,315.347137,617.156494,329.839569
2018-10-24,225.618683,163.125137,113.059273,344.019409,254.293961,115.098213,243.401382,318.905914,605.256653,318.734192
2018-10-31,217.48053,169.872025,113.930237,351.383423,252.789749,111.307335,241.469025,321.871582,526.370483,332.924408
2018-11-07,217.19426,165.434479,117.289658,359.145477,252.379547,113.22084,242.398041,330.274231,523.692993,330.409058
2018-11-14,213.840881,155.789597,115.34037,356.160095,258.760834,107.696983,238.793472,351.182068,516.354797,311.567871
2018-11-21,206.029892,157.28389,114.842674,352.925873,259.672424,105.241936,231.918747,364.824036,513.330261,295.384399
2018-11-28,206.316162,160.453552,112.520096,356.209869,256.937592,103.40065,248.938293,369.519623,541.889893,297.377655
2018-12-05,198.01442,150.582275,109.450989,341.133484,250.419556,99.176537,243.77298,351.676331,514.371521,285.655304
2018-12-12,205.988998,160.521484,120.068459,360.488953,253.564606,106.649979,249.012619,368.629944,518.536438,289.926605
2018-12-19,203.085434,157.442368,112.022415,351.035126,251.604691,105.711288,242.806793,356.965088,514.470581,277.350037
2018-12-26,196.910263,163.147766,119.11972,358.399139,256.75528,107.624779,245.891129,383.260498,515.164795,291.160522